"ID","Priority","Area","Classification","Confirmed finding","Proposed correction","Source"
"T01","High","Search / dashboard search","Functional inconsistency","Dashboard quick search omits learner notes; the Search tab includes them. The same query can return different results.","Use one shared search index and matching function, retaining role visibility.","AdminLogbookQuickSearch.jsx matches vs AdminLogbookPage.jsx results"
"T02","High","Queue / Categories / Students","Functional inconsistency","The prototype includes legacy remedial-category records under Certifiable Skill. Only Subjects currently normalises remedial to cert; other category filters/groups compare raw category IDs.","Use consistent category membership across filters, cards, groups and counts. Preserve the underlying attempt and parent IDs.","HTML catIn; AdminLogbookCategories.jsx; AdminStudentEntryGroups.jsx; AdminLogbookPage.jsx filters"
"T03","High","Student detail > Assign entry","Context loss","Student detail retains a selected subject, but Assign entry passes only student ID; the drawer defaults to the first actor department. A multi-department reviewer can assign in the wrong subject.","Pass and validate the selected subject into the assignment drawer; retain student and subject together.","AdminLogbookPage.jsx onAssign; LogbookFacultyActions.jsx initial form"
"T04","High","Sign-off drawer","Missing exception warning","The pending-work warning now appears only for Ready/Returned. A legacy or externally changed Submitted logbook with pending work has no advance warning, although approval is blocked by the service. The HTML screenshot explicitly shows this warning.","Show outstanding-work counts for Submitted too, explain why approval is unavailable and offer the allowed return/review path. Do not allow new work during submission.","LogbookSignoff.jsx eligibility message; adminLogbook.js approval guard; HTML soD.pendingWarn"
"T05","Medium","Sign-off drawer / learner approval","Missing displayed fields","Each approval-chain step lacks a separate approver role, signature/return date and step-specific remarks. The data is partly in history but not presented beside the step.","Render role, current-round decision date and remarks per approver; keep historical rounds separate.","HTML soSteps; LogbookSignoff.jsx lb-signoff-steps"
"T06","Medium","Sign-off lists and drawer","Missing progress context","The prototype displays step X of Y. Current lists show the current approver but no numeric chain position.","Show current step and chain length for Submitted records, and state-appropriate text for Ready/Returned/Completed.","HTML soRow; LogbookSignoff.jsx statusLabel and list rows"
"T07","Medium","Sign-off drawer","Presentation and summary gap","The four separate summaries in the screenshot are not reproduced: entries, approved, skills certified and requirements met. The first three exist as prose; category detail exists, but aggregate requirements-met count is absent.","Add a compact four-value summary using existing computations. Label category coverage as logged requirements, not certification.","HTML soD.tiles; LogbookSignoff.jsx rows, req and skills"
"T08","Medium","Queue","Missing summary fields","Overall queue summary lacks affected-student count and overdue count; student group headers lack longest waiting time. The HTML has both summary and per-student waiting information.","Add totals and per-student oldest wait from the same filtered records. Retain oldest-first ordering and graded-skill exclusions.","HTML fQueueSummary/fQueueGroups; AdminLogbookPage.jsx queue rendering"
"T09","Medium","Dashboard","Missing supporting context","KPI cards omit the prototype supporting figures: affected students, longest wait, total approved skill attempts, and overdue assignment count.","Restore useful supporting lines using the current metric definitions and the same drill-down datasets.","HTML fTiles; AdminLogbookPage.jsx metrics"
"T10","Medium","Students","Missing explanation","Needs attention is calculated, but student cards/details do not explicitly state why a learner is at risk. Prototype studentSummary exposes reason and reasonSentence.","Expose calculated reasons such as low logged coverage or unresolved returned work, alongside existing counts.","HTML studentSummary; logbookProgress.js learnerSummary; AdminLogbookStudents.jsx"
"T11","Medium","Student readiness","Missing pre-action context","The planned chain and ready-by/date are not visible directly in the readiness section before opening approval details; before marking Ready, the chain cannot be reviewed there.","Show the configured chain before marking Ready and readiness attribution afterwards. Keep faculty judgement unchanged.","HTML fStuSo.chainLine/readyLine; AdminLogbookStudentDetail.jsx"
"T12","Medium","Skills","Missing prioritisation and status","The HTML puts remedial students first and exposes pending state. Current expanded skill students stay in roster order and generic In progress conceals whether attempts are pending.","Order remedial/awaiting-review learners first and show pending-attempt counts, with certified/not-started states distinct.","HTML fSkillRows students; AdminLogbookSkills.jsx people rendering"
"T13","Medium","Skills > student","Context loss","Opening a student from a skill loses subject and competency context. Both the current app and prototype have this limitation.","Carry the selected subject and skill to the student review and provide a return path. Treat this as a workflow enhancement, not a prototype omission.","AdminLogbookSkills.jsx onStudent; AdminLogbookPage.jsx Skills onStudent"
"T14","Medium","All student and approval views","Data-field mapping gap","The model has registerId, but several lists, searches and drawers display studentId instead. The prototype has distinct internal ID and roll number. Current sample values happen to match.","Display/search registerId with studentId as fallback; retain internal IDs exclusively for record identity. Supply real register IDs through the roster integration.","logbookPeople.js LEARNERS; AdminLogbookRecords.jsx; LogbookSignoff.jsx; AdminLogbookStudents.jsx"
"T15","Medium","Entry verification drawer","Validation consistency","Unlike the improved sign-off return flow, individual entry review still attempts the service call before reporting missing feedback or grading selections.","Validate attempt, rating and return feedback next to their fields before invoking review. Preserve service-side checks.","FacultyReview.jsx run and action handlers; adminLogbook.js reviewEntries"
"T16","Low","Subjects","Missing subject metadata","Subject detail omits the phase and faculty-member total visible in the prototype header. Category navigation and activity/attempt grouping are already restored.","Add phase and faculty count using the current catalogue and reviewer memberships, without changing the header style.","HTML fSub.phase/line; AdminLogbookPage.jsx subject heading"
"T17","Low","History","Discoverability improvement","Entry decision history is present, including earlier decisions and feedback. It has no subject/student/date/decision filtering. This is an enhancement, not a confirmed missing prototype control.","Add compact filters only if desired; keep entry decisions separate from final sign-off history.","AdminLogbookHistory.jsx; HTML fHistory"
"T18","Low","Tab entry headings","Presentation gap","Several tabs rely on the shared Admin logbook hero without the prototype-specific visible title and scope summary, notably Queue and Students.","Add compact tab titles and context within existing content cards; preserve the common hero and navigation.","HTML Approval queue/Students headings; AdminLogbookPage.jsx and AdminLogbookStudents.jsx"